{"cameraMode":{"drawMode":0,"name":"Shaded","section":"Shading Mode"},"sceneLighting":true,"audioPlay":false,"sceneViewState":{"showFog":false,"showMaterialUpdate":false,"showSkybox":false,"showFlares":false,"showImageEffects":false,"showParticleSystems":false},"in2DMode":false,"pivot":{"x":-0.29334500432014468,"y":1.4928233623504639,"z":-0.4466415345668793},"rotation":{"x":-0.012214746326208115,"y":-0.9812254309654236,"z":0.06633386015892029,"w":-0.1806856095790863},"size":9.805669784545899,"orthographic":false}